publisher,title,url
경향신문,전체뉴스,https://www.khan.co.kr/rss/rssdata/total_news.xml
경향신문,정치,https://www.khan.co.kr/rss/rssdata/politic_news.xml
경향신문,경제,https://www.khan.co.kr/rss/rssdata/economy_news.xml
경향신문,사회,https://www.khan.co.kr/rss/rssdata/society_news.xml
경향신문,국제,https://www.khan.co.kr/rss/rssdata/kh_world.xml
경향신문,스포츠,http://www.khan.co.kr/rss/rssdata/kh_sports.xml
경향신문,문화,https://www.khan.co.kr/rss/rssdata/culture_news.xml
경향신문,연예,https://www.khan.co.kr/rss/rssdata/kh_entertainment.xml
경향신문,IT,http://www.khan.co.kr/rss/rssdata/it_news.xml
경향신문,오피니언,https://www.khan.co.kr/rss/rssdata/opinion_news.xml
경향신문,인물,https://www.khan.co.kr/rss/rssdata/people_news.xml
경향신문,생활/레저,https://www.khan.co.kr/rss/rssdata/skentertain_news.xml
국민일보,전체기사,http://rss.kmib.co.kr/data/kmibRssAll.xml
국민일보,정치,http://rss.kmib.co.kr/data/kmibPolRss.xml
국민일보,경제,http://rss.kmib.co.kr/data/kmibEcoRss.xml
국민일보,사회,http://rss.kmib.co.kr/data/kmibSocRss.xml
국민일보,국제,http://rss.kmib.co.kr/data/kmibIntRss.xml
국민일보,스포츠,http://rss.kmib.co.kr/data/kmibSpoRss.xml
국민일보,문화,http://rss.kmib.co.kr/data/kmibCulRss.xml
국민일보,생활,http://rss.kmib.co.kr/data/kmibLifRss.xml
국민일보,사설/칼럼,http://rss.kmib.co.kr/data/kmibColRss.xml
뉴시스,국제,https://newsis.com/RSS/international.xml
뉴시스,금융,https://newsis.com/RSS/bank.xml
뉴시스,사회,https://newsis.com/RSS/society.xml
뉴시스,스포츠,https://newsis.com/RSS/sports.xml
뉴시스,문화,https://newsis.com/RSS/culture.xml
뉴시스,정치,https://newsis.com/RSS/politics.xml
뉴시스,경제,https://newsis.com/RSS/economy.xml
뉴시스,산업,https://newsis.com/RSS/industry.xml
뉴시스,IT/바이오,https://newsis.com/RSS/health.xml
뉴시스,연예,https://newsis.com/RSS/entertain.xml
동아일보,전체기사,https://rss.donga.com/total.xml
동아일보,정치,https://rss.donga.com/politics.xml
동아일보,사회,https://rss.donga.com/national.xml
동아일보,경제,https://rss.donga.com/economy.xml
동아일보,국제,https://rss.donga.com/international.xml
동아일보,사설칼럼,https://rss.donga.com/editorials.xml
동아일보,의학과학,https://rss.donga.com/science.xml
동아일보,문화연예,https://rss.donga.com/culture.xml
동아일보,스포츠,https://rss.donga.com/sports.xml
동아일보,사람속으로,https://rss.donga.com/inmul.xml
동아일보,건강,https://rss.donga.com/health.xml
동아일보,레져,https://rss.donga.com/leisure.xml
동아일보,도서,https://rss.donga.com/book.xml
동아일보,공연,https://rss.donga.com/show.xml
동아일보,여성,https://rss.donga.com/woman.xml
동아일보,여행,https://rss.donga.com/travel.xml
동아일보,생활정보,https://rss.donga.com/lifeinfo.xml
딴지일보,전체,https://www.ddanzi.com/rss
매일노동뉴스,전체,https://www.labortoday.co.kr/rss/allArticle.xml
미디어오늘,전체기사,https://www.mediatoday.co.kr/rss/allArticle.xml
미디어오늘,정치,https://www.mediatoday.co.kr/rss/S1N2.xml
미디어오늘,경제,https://www.mediatoday.co.kr/rss/S1N3.xml
미디어오늘,사회,https://www.mediatoday.co.kr/rss/S1N4.xml
미디어오늘,문화,https://www.mediatoday.co.kr/rss/S1N5.xml
미디어오늘,국제,https://www.mediatoday.co.kr/rss/S1N6.xml
미디어오늘,IT,https://www.mediatoday.co.kr/rss/S1N7.xml
미디어오늘,오피니언,https://www.mediatoday.co.kr/rss/S1N8.xml
서울신문,정치,https://www.seoul.co.kr/xml/rss/rss_politics.xml
서울신문,사회,https://www.seoul.co.kr/xml/rss/rss_society.xml
서울신문,경제,https://www.seoul.co.kr/xml/rss/rss_economy.xml
서울신문,국제,https://www.seoul.co.kr/xml/rss/rss_international.xml
서울신문,문화/건강,https://www.seoul.co.kr/xml/rss/rss_life.xml
서울신문,스포츠,https://www.seoul.co.kr/xml/rss/rss_sports.xml
서울신문,연예,https://www.seoul.co.kr/xml/rss/rss_entertainment.xml
세계일보,전체뉴스,http://www.segye.com/Articles/RSSList/segye_recent.xml
세계일보,정치,http://www.segye.com/Articles/RSSList/segye_politic.xml
세계일보,경제,http://www.segye.com/Articles/RSSList/segye_economy.xml
세계일보,사회,http://www.segye.com/Articles/RSSList/segye_society.xml
세계일보,국제,http://www.segye.com/Articles/RSSList/segye_international.xml
세계일보,문화,http://www.segye.com/Articles/RSSList/segye_culture.xml
세계일보,오피니언,http://www.segye.com/Articles/RSSList/segye_opinion.xml
세계일보,연예,http://www.segye.com/Articles/RSSList/segye_entertainment.xml
세계일보,스포츠,http://www.segye.com/Articles/RSSList/segye_sports.xml
시사인,전체기사,https://www.sisain.co.kr/rss/allArticle.xml
시사인,정치,https://www.sisain.co.kr/rss/S1N6.xml
시사인,경제,https://www.sisain.co.kr/rss/S1N7.xml
시사인,사회,https://www.sisain.co.kr/rss/S1N8.xml
시사인,문화,https://www.sisain.co.kr/rss/S1N9.xml
시사인,라이프,https://www.sisain.co.kr/rss/S1N10.xml
시사인,국제/한반도,https://www.sisain.co.kr/rss/S1N11.xml
시사인,인터뷰/오피니언,https://www.sisain.co.kr/rss/S1N12.xml
시사저널,전체기사,http://www.sisajournal.com/rss/allArticle.xml
시사저널,사회,http://www.sisajournal.com/rss/S1N47.xml
시사저널,경제,http://www.sisajournal.com/rss/S1N54.xml
시사저널,LIFE,http://www.sisajournal.com/rss/S1N56.xml
시사저널,OPINION,http://www.sisajournal.com/rss/S1N57.xml
시사저널,정치,http://www.sisajournal.com/rss/S1N58.xml
시사저널,국제,http://www.sisajournal.com/rss/S1N59.xml
시사저널,Health,http://www.sisajournal.com/rss/S2N106.xml
시사저널,Culture,http://www.sisajournal.com/rss/S2N107.xml
에이블뉴스,전체기사,https://www.ablenews.co.kr/rss/allArticle.xml
에이블뉴스,정보세상,https://www.ablenews.co.kr/rss/S1N1.xml
에이블뉴스,오피니언,https://www.ablenews.co.kr/rss/S1N2.xml
에이블뉴스,노동/경제,https://www.ablenews.co.kr/rss/S1N4.xml
에이블뉴스,문화/체육,https://www.ablenews.co.kr/rss/S1N8.xml
에이블뉴스,인물/단체,https://www.ablenews.co.kr/rss/S1N9.xml
에이블뉴스,정치/정책,https://www.ablenews.co.kr/rss/S1N11.xml
여성신문,전체기사,http://www.womennews.co.kr/rss/allArticle.xml
여성신문,정치,http://www.womennews.co.kr/rss/S1N1.xml
여성신문,사회,http://www.womennews.co.kr/rss/S1N2.xml
여성신문,세계,http://www.womennews.co.kr/rss/S1N3.xml
여성신문,경제,http://www.womennews.co.kr/rss/S1N4.xml
여성신문,문화,http://www.womennews.co.kr/rss/S1N6.xml
여성신문,생활,http://www.womennews.co.kr/rss/S1N7.xml
여성신문,오피니언,http://www.womennews.co.kr/rss/S1N12.xml
여성신문,스포츠,http://www.womennews.co.kr/rss/S1N15.xml
여성신문,연예,http://www.womennews.co.kr/rss/S1N16.xml
여성신문,IT/과학,http://www.womennews.co.kr/rss/S1N39.xml
일다,전체,https://www.ildaro.com/rss/rss_news.php
조선일보,전체기사,https://www.chosun.com/arc/outboundfeeds/rss/?outputType=xml
조선일보,정치,https://www.chosun.com/arc/outboundfeeds/rss/category/politics/?outputType=xml
조선일보,경제,https://www.chosun.com/arc/outboundfeeds/rss/category/economy/?outputType=xml
조선일보,사회,https://www.chosun.com/arc/outboundfeeds/rss/category/national/?outputType=xml
조선일보,국제,https://www.chosun.com/arc/outboundfeeds/rss/category/international/?outputType=xml
조선일보,문화/라이프,https://www.chosun.com/arc/outboundfeeds/rss/category/culture-life/?outputType=xml
조선일보,오피니언,https://www.chosun.com/arc/outboundfeeds/rss/category/opinion/?outputType=xml
조선일보,스포츠,https://www.chosun.com/arc/outboundfeeds/rss/category/sports/?outputType=xml
조선일보,연예,https://www.chosun.com/arc/outboundfeeds/rss/category/entertainments/?outputType=xml
천지일보,전체기사,https://cdn.newscj.com/rss/gns_allArticle.xml
천지일보,정치,https://cdn.newscj.com/rss/gns_S1N1.xml
천지일보,경제,https://cdn.newscj.com/rss/gns_S1N2.xml
천지일보,사회,https://cdn.newscj.com/rss/gns_S1N3.xml
천지일보,문화,https://cdn.newscj.com/rss/gns_S1N6.xml
천지일보,스포츠,https://cdn.newscj.com/rss/gns_S1N14.xml
천지일보,연예,https://cdn.newscj.com/rss/gns_S1N15.xml
천지일보,국제,https://cdn.newscj.com/rss/gns_S1N4.xml
천지일보,오피니언,https://cdn.newscj.com/rss/gns_S1N5.xml
천지일보,웰빙건강,https://cdn.newscj.com/rss/gns_S1N16.xml
통일뉴스,전체기사,https://www.tongilnews.com/rss/allArticle.xml
통일뉴스,남북관계,https://www.tongilnews.com/rss/S1N4.xml
통일뉴스,북미관계,https://www.tongilnews.com/rss/S1N5.xml
통일뉴스,정부정당,https://www.tongilnews.com/rss/S1N6.xml
통일뉴스,해외동포,https://www.tongilnews.com/rss/S1N7.xml
통일뉴스,오피니언,https://www.tongilnews.com/rss/S1N9.xml
통일뉴스,통일문화,https://www.tongilnews.com/rss/S1N10.xml
통일뉴스,동북아외신,https://www.tongilnews.com/rss/S1N18.xml
프레시안,최신 기사,https://www.pressian.com/api/v3/site/rss/news
프레시안,세계,https://www.pressian.com/api/v3/site/rss/section/65
프레시안,정치,https://www.pressian.com/api/v3/site/rss/section/66
프레시안,경제,https://www.pressian.com/api/v3/site/rss/section/67
프레시안,사회,https://www.pressian.com/api/v3/site/rss/section/68
프레시안,문화,https://www.pressian.com/api/v3/site/rss/section/69
프레시안,스포츠,https://www.pressian.com/api/v3/site/rss/section/70
한겨레신문,전체기사,https://www.hani.co.kr/rss/
한겨레신문,정치,https://www.hani.co.kr/rss/politics/
한겨레신문,경제,https://www.hani.co.kr/rss/economy/
한겨레신문,사회,https://www.hani.co.kr/rss/society/
한겨레신문,국제,https://www.hani.co.kr/rss/international/
한겨레신문,대중문화,https://www.hani.co.kr/rss/culture/
한겨레신문,스포츠,https://www.hani.co.kr/rss/sports/
한겨레신문,과학,https://www.hani.co.kr/rss/science/
한겨레신문,사설/칼럼,https://www.hani.co.kr/rss/opinion/
한겨레신문,만화만평,https://www.hani.co.kr/rss/cartoon/
MBC,전체,http://imnews.imbc.com/rss/news/news_00.xml
MBC,정치,http://imnews.imbc.com/rss/news/news_01.xml
MBC,통일외교,http://imnews.imbc.com/rss/news/news_02.xml
MBC,국제,http://imnews.imbc.com/rss/news/news_03.xml
MBC,경제,http://imnews.imbc.com/rss/news/news_04.xml
MBC,사회,http://imnews.imbc.com/rss/news/news_05.xml
MBC,문화/연예,http://imnews.imbc.com/rss/news/news_06.xml
MBC,스포츠,http://imnews.imbc.com/rss/news/news_07.xml
MBC,건강/과학,http://imnews.imbc.com/rss/news/news_08.xml
MBC,뉴스데스크,http://imnews.imbc.com/rss/replay/replay_01.xml
MBC,뉴스투데이,http://imnews.imbc.com/rss/replay/replay_02.xml
MBC,1045뉴스,http://imnews.imbc.com/rss/replay/replay_03.xml
MBC,뉴스와경제,http://imnews.imbc.com/rss/replay/replay_04.xml
MBC,5시뉴스,http://imnews.imbc.com/rss/replay/replay_05.xml
MBC,저녁뉴스,http://imnews.imbc.com/rss/replay/replay_06.xml
MBC,스포츠뉴스,http://imnews.imbc.com/rss/replay/replay_07.xml
MBC,뉴스24,http://imnews.imbc.com/rss/replay/replay_08.xml
MBC,시사매거진2580,http://imnews.imbc.com/rss/weekly/weekly_01.xml
MBC,100분토론,http://imnews.imbc.com/rss/weekly/weekly_02.xml
MBC,뉴스후,http://imnews.imbc.com/rss/weekly/weekly_03.xml
MBC,지구촌리포트,http://imnews.imbc.com/rss/weekly/weekly_04.xml
MBC,통일전망대,http://imnews.imbc.com/rss/weekly/weekly_07.xml
MBC,경제매거진M,http://imnews.imbc.com/rss/weekly/weekly_05.xml
MBC,일요인터뷰人,http://imnews.imbc.com/rss/weekly/weekly_08.xml
MBC,스포츠매거진,http://imnews.imbc.com/rss/weekly/weekly_06.xml
MBC,라이브풀영상,http://imnews.imbc.com/rss/fullmov/fullmov_01.xml
MBC,MBC풀영상,http://imnews.imbc.com/rss/fullmov/fullmov_02.xml
MBC,해외풀영상,http://imnews.imbc.com/rss/fullmov/fullmov_03.xml
MBC,스포츠풀영상,http://imnews.imbc.com/rss/fullmov/fullmov_04.xml
MBC,토론회풀영상,http://imnews.imbc.com/rss/fullmov/fullmov_05.xml
MBC,연예풀영상,http://imnews.imbc.com/rss/fullmov/fullmov_06.xml
MBC,기자칼럼,http://imnews.imbc.com/rss/mpeople/rptcolumn.xml
MBC,시민기자뉴스,http://imnews.imbc.com/rss/citizen/movnews.xml
조선닷컴,전체기사,http://www.chosun.com/site/data/rss/rss.xml
조선닷컴,오늘의 주요뉴스,http://myhome.chosun.com/rss/www_section_rss.xml
조선닷컴,정치,http://www.chosun.com/site/data/rss/politics.xml
조선닷컴,국제,http://www.chosun.com/site/data/rss/international.xml
조선닷컴,문화,http://www.chosun.com/site/data/rss/culture.xml
조선닷컴,사설ㆍ칼럼,http://www.chosun.com/site/data/rss/editorials.xml
조선닷컴,동영상,http://www.chosun.com/site/data/rss/video.xml
조선닷컴,인포그래픽 뉴스,http://inside.chosun.com/rss/rss.xml
조선닷컴,포토,http://photo.chosun.com/site/data/rss/photonews.xml
조선닷컴,랭킹 (인기기사),http://newsplus.chosun.com/hitdata/xml/index/index.xml
조선닷컴,전체기사,http://biz.chosun.com/site/data/rss/rss.xml
조선닷컴,뉴스,http://biz.chosun.com/site/data/rss/news.xml
조선닷컴,Market,http://biz.chosun.com/site/data/rss/market.xml
조선닷컴,정책/금융,http://biz.chosun.com/site/data/rss/policybank.xml
조선닷컴,부동산,http://biz.chosun.com/site/data/rss/estate.xml
조선닷컴,기업,http://biz.chosun.com/site/data/rss/enterprise.xml
조선닷컴,글로벌경제,http://biz.chosun.com/site/data/rss/global.xml
조선닷컴,위클리비즈,http://biz.chosun.com/site/data/rss/weeklybiz.xml
조선닷컴,랭킹(인기기사),http://newsplus.chosun.com/hitdata/xml/chosunbiz/index/index.xml
조선닷컴,스포츠,http://www.chosun.com/site/data/rss/sports.xml
조선닷컴,연예,http://www.chosun.com/site/data/rss/ent.xml
조선닷컴,더스타,http://thestar.chosun.com/site/data/rss/rss.xml
조선닷컴,키위닷컴,http://keywui.chosun.com/rss/rss.xml
조선닷컴,랭킹(인기기사)스포츠,http://newsplus.chosun.com/hitdata/xml/se/sports/index.xml
조선닷컴,랭킹(인기기사)연예,http://newsplus.chosun.com/hitdata/xml/se/star/index.xml
조선닷컴,뉴스플러스,http://newsplus.chosun.com/site/data/rss/news.xml
조선닷컴,인사이드,http://newsplus.chosun.com/inside/xml/inside_rss.xml
조선닷컴,단미,http://danmee.chosun.com/site/data/rss/rss.xml
조선닷컴,헬스,http://health.chosun.com/site/data/rss/rss.xml
조선닷컴,카리뷰,http://careview.chosun.com/site/data/rss/rss.xml
조선닷컴,트래블N,http://travel.chosun.com/site/data/rss/rss.xml
조선닷컴,리뷰,http://review.chosun.com/site/data/rss/rss.xml
조선닷컴,북스,http://books.chosun.com/site/data/rss/rss.xml
조선닷컴,아트N,http://art.chosun.com/site/data/rss/rss.xml
조선닷컴,소년조선일보,http://myhome.chosun.com/rss/kid_section_rss.xml
조선닷컴,건강칼럼,http://health.chosun.com/rss/column.xml
조선닷컴,랭킹(인기기사),http://newsplus.chosun.com/hitdata/xml/newsplus/index/index.xml
조선닷컴,시사발언대,http://forum.chosun.com/rss/RSSServlet?bbs_type=S
조선닷컴,천자토론,http://forum.chosun.com/rss/RSSServlet?bbs_type=R
조선닷컴,공감토론,http://forum.chosun.com/rss/RSSServlet?bbs_type=P
중앙일보,전체기사,http://rss.joinsmsn.com/joins_news_list.xml
중앙일보,주요기사,http://rss.joinsmsn.com/joins_homenews_list.xml
중앙일보,경제,http://rss.joinsmsn.com/joins_money_list.xml
중앙일보,사회,http://rss.joinsmsn.com/joins_life_list.xml
중앙일보,정치,http://rss.joinsmsn.com/joins_politics_list.xml
중앙일보,라이프,http://rss.joinsmsn.com/news/joins_lifenews_total.xml
중앙일보,지구촌,http://rss.joinsmsn.com/joins_world_list.xml
중앙일보,문화,http://rss.joinsmsn.com/joins_culture_list.xml
중앙일보,IT과학,http://rss.joinsmsn.com/joins_it_list.xml
중앙일보,"건강,IT,과학",http://rss.joinsmsn.com/news/joins_health_list.xml
중앙일보,J-Only,http://rss.joinsmsn.com/news/joins_jonly_list.xml
중앙일보,CNN한글,http://rss.joinsmsn.com/news/joins_cnnnews_total.xml
중앙일보,중앙데일리,http://rss.joinsmsn.com/news/joins_joongangdaily_news.xml
중앙일보,전체기사,http://rss.joinsmsn.com/photo/joins_photo_list.xml
중앙일보,머니,http://rss.joinsmsn.com/photo/joins_photo_list_money.xml
중앙일보,스포츠,http://rss.joinsmsn.com/photo/joins_photo_list_sports.xml
중앙일보,연예,http://rss.joinsmsn.com/photo/joins_photo_list_star.xml
중앙일보,사회,http://rss.joinsmsn.com/photo/joins_photo_list_life.xml
중앙일보,정치,http://rss.joinsmsn.com/photo/joins_photo_list_politics.xml
중앙일보,지구촌,http://rss.joinsmsn.com/photo/joins_photo_list_world.xml
중앙일보,IT,http://rss.joinsmsn.com/photo/joins_photo_list_it.xml
중앙일보,Hot포토,http://rss.joinsmsn.com/photo/joins_photo_list_hot.xml
중앙일보,지구촌화제,http://rss.joinsmsn.com/photo/joins_gallery_list_world.xml
중앙일보,사건사고현장,http://rss.joinsmsn.com/photo/joins_gallery_list_news.xml
중앙일보,스포츠전체,http://rss.joinsmsn.com/joins_sports_list.xml
중앙일보,연예전체,http://rss.joinsmsn.com/joins_star_list.xml
중앙일보,야구,http://rss.joinsmsn.com/news/joins_sports_baseball_list.xml
중앙일보,축구,http://rss.joinsmsn.com/news/joins_sports_soccer_list.xml
중앙일보,골프,http://rss.joinsmsn.com/news/joins_sports_golf_list.xml
중앙일보,스포츠일반,http://rss.joinsmsn.com/news/joins_sports_etc_list.xml
중앙일보,방송,http://rss.joinsmsn.com/news/joins_star_entertainment_list.xml
중앙일보,영화,http://rss.joinsmsn.com/news/joins_star_movie_list.xml
중앙일보,연예일반,http://rss.joinsmsn.com/news/joins_star_etc_list.xml
중앙일보,전체기사,http://rss.joinsmsn.com/sonagi/joins_sonagi_total_list.xml
중앙일보,경제,http://rss.joinsmsn.com/sonagi/joins_sonagi_money_list.xml
중앙일보,스포츠,http://rss.joinsmsn.com/sonagi/joins_sonagi_sports_list.xml
중앙일보,연예,http://rss.joinsmsn.com/sonagi/joins_sonagi_star_list.xml
중앙일보,사회,http://rss.joinsmsn.com/sonagi/joins_sonagi_life_list.xml
중앙일보,정치,http://rss.joinsmsn.com/sonagi/joins_sonagi_politics_list.xml
중앙일보,지구촌,http://rss.joinsmsn.com/sonagi/joins_sonagi_world_list.xml
중앙일보,IT과학,http://rss.joinsmsn.com/sonagi/joins_sonagi_it_list.xml
중앙일보,사설,http://rss.joinsmsn.com/sonagi/joins_sonagi_opinion_list.xml
노컷뉴스,최신기사,http://rss.nocutnews.co.kr/nocutnews.xml
노컷뉴스,정치,http://rss.nocutnews.co.kr/NocutPolitics.xml
노컷뉴스,사회,http://rss.nocutnews.co.kr/NocutSocial.xml
노컷뉴스,경제,http://rss.nocutnews.co.kr/NocutEconomy.xml
노컷뉴스,산업,http://rss.nocutnews.co.kr/NocutIndustry.xml
노컷뉴스,스포츠,http://rss.nocutnews.co.kr/NocutSports.xml
노컷뉴스,지역,http://rss.nocutnews.co.kr/NocutLocal.xml
노컷뉴스,세계,http://rss.nocutnews.co.kr/NocutGlobal.xml
노컷뉴스,정보통신,http://rss.nocutnews.co.kr/NocutIT.xml
노컷뉴스,연예,http://rss.nocutnews.co.kr/NocutEnter.xml
노컷뉴스,문화/생활,http://rss.nocutnews.co.kr/NocutCulture.xml
노컷뉴스,포토뉴스,http://rss.nocutnews.co.kr/NocutPhoto.xml
노컷뉴스,칼럼,http://rss.nocutnews.co.kr/NocutColum.xml
노컷뉴스,기타,http://rss.nocutnews.co.kr/NocutEtc.xml
노컷뉴스,노컷특종,http://rss.nocutnews.co.kr/NocutOnly.xml
노컷뉴스,핫이슈,http://rss.nocutnews.co.kr/NocutHotissue.xml
노컷뉴스,연속기획,http://rss.nocutnews.co.kr/NocutCplan.xml
동아닷컴,전체기사,http://rss.donga.com/total.xml
동아닷컴,정치,http://rss.donga.com/politics.xml
동아닷컴,사회,http://rss.donga.com/national.xml
동아닷컴,경제,http://rss.donga.com/economy.xml
동아닷컴,국제,http://rss.donga.com/international.xml
동아닷컴,사설칼럼,http://rss.donga.com/editorials.xml
동아닷컴,의학과학,http://rss.donga.com/science.xml
동아닷컴,문화연예,http://rss.donga.com/culture.xml
동아닷컴,스포츠,http://rss.donga.com/sports.xml
동아닷컴,사람속으로,http://rss.donga.com/inmul.xml
동아닷컴,건강,http://rss.donga.com/health.xml
동아닷컴,레져,http://rss.donga.com/leisure.xml
동아닷컴,도서,http://rss.donga.com/book.xml
동아닷컴,공연,http://rss.donga.com/show.xml
동아닷컴,여성,http://rss.donga.com/woman.xml
동아닷컴,아동,http://rss.donga.com/child.xml
동아닷컴,여행,http://rss.donga.com/travel.xml
동아닷컴,생활정보,http://rss.donga.com/lifeinfo.xml
동아닷컴,야구nMLB,http://rss.donga.com/sportsdonga/baseball.xml
동아닷컴,축구,http://rss.donga.com/sportsdonga/soccer.xml
동아닷컴,골프,http://rss.donga.com/sportsdonga/golf.xml
동아닷컴,종합,http://rss.donga.com/sportsdonga/sports_general.xml
동아닷컴,엔터테인먼트,http://rss.donga.com/sportsdonga/entertainment.xml
세계일보,최신기사,http://rss.segye.com/segye_recent.xml
세계일보,종합,http://rss.segye.com/segye_total.xml
세계일보,정치,http://rss.segye.com/segye_politic.xml
세계일보,국제,http://rss.segye.com/segye_international.xml
세계일보,경제,http://rss.segye.com/segye_economy.xml
세계일보,사회,http://rss.segye.com/segye_society.xml
세계일보,문화,http://rss.segye.com/segye_culture.xml
세계일보,스포츠,http://rss.segye.com/segye_sports.xml
세계일보,연예,http://rss.segye.com/segye_entertainment.xml
세계일보,피플,http://rss.segye.com/segye_people.xml
세계일보,오피니언,http://rss.segye.com/segye_opinion.xml
세계일보,전국,http://rss.segye.com/segye_local.xml
세계일보,탐사이슈,http://rss.segye.com/segye_task_force.xml
세계일보,패n글,http://rss.segye.com/segye_family.xml
세계일보,루트,http://rss.segye.com/segye_root.xml
세계일보,펀치뉴스,http://rss.segye.com/segye_punchnews.xml
세계일보,포토뉴스,http://rss.segye.com/segye_photo.xml
세계일보,세계TV,http://rss.segye.com/segye_segyeTV.xml
세계일보,최신기사,http://rss.sportsworldi.com/sw_recent.xml
세계일보,종합,http://rss.sportsworldi.com/sw_total.xml
세계일보,야구,http://rss.sportsworldi.com/sw_baseball.xml
세계일보,축구,http://rss.sportsworldi.com/sw_soccer.xml
세계일보,농구,http://rss.sportsworldi.com/sw_basketball.xml
세계일보,골프,http://rss.sportsworldi.com/sw_golf.xml
세계일보,연예,http://rss.sportsworldi.com/sw_entertainment.xml
세계일보,레저,http://rss.sportsworldi.com/sw_leisure.xml
세계일보,SW이슈,http://rss.sportsworldi.com/sw_opinion.xml
매일경제,헤드라인,http://file.mk.co.kr/news/rss/rss_30000001.xml
매일경제,문화ㆍ연예,http://file.mk.co.kr/news/rss/rss_30000023.xml
매일경제,실시간 속보,http://file.mk.co.kr/news/rss/rss_40300001.xml
매일경제,스포츠,http://file.mk.co.kr/news/rss/rss_50600001.xml
매일경제,경제,http://file.mk.co.kr/news/rss/rss_30100041.xml
매일경제,게임,http://file.mk.co.kr/news/rss/rss_50700001.xml
매일경제,정치,http://file.mk.co.kr/news/rss/rss_30200030.xml
매일경제,오피니언,http://file.mk.co.kr/news/rss/rss_30500041.xml
매일경제,사회,http://file.mk.co.kr/news/rss/rss_50400012.xml
매일경제,국제,http://file.mk.co.kr/news/rss/rss_30300018.xml
매일경제,기업ㆍ경영,http://file.mk.co.kr/news/rss/rss_50100032.xml
매일경제,증권,http://file.mk.co.kr/news/rss/rss_50200011.xml
매일경제,부동산,http://file.mk.co.kr/news/rss/rss_50300009.xml
매일경제,MBA,http://file.mk.co.kr/news/rss/rss_40200124.xml
매일경제,머니 앤 리치스,http://file.mk.co.kr/news/rss/rss_40200003.xml
매일경제,영문뉴스,http://file.mk.co.kr/news/rss/rss_30800011.xml
매일경제,이코노미,http://file.mk.co.kr/news/rss/rss_50000001.xml
매일경제,시티라이프,http://file.mk.co.kr/news/rss/rss_60000007.xml
경향닷컴,전체뉴스,http://www.khan.co.kr/rss/rssdata/total_news.xml
경향닷컴,오피니언,http://www.khan.co.kr/rss/rssdata/opinion.xml
경향닷컴,정치,http://www.khan.co.kr/rss/rssdata/politic.xml
경향닷컴,경제,http://www.khan.co.kr/rss/rssdata/economy.xml
경향닷컴,사회,http://www.khan.co.kr/rss/rssdata/society.xml
경향닷컴,문화,http://www.khan.co.kr/rss/rssdata/culture.xml
경향닷컴,IT과학,http://www.khan.co.kr/rss/rssdata/itnews.xml
경향닷컴,국제,http://www.khan.co.kr/rss/rssdata/world.xml
경향닷컴,스포츠,http://www.khan.co.kr/rss/rssdata/sports.xml
경향닷컴,매거진X,http://www.khan.co.kr/rss/rssdata/mx.xml
경향닷컴,인물,http://www.khan.co.kr/rss/rssdata/people.xml
경향닷컴,엔터테인먼트,http://www.khan.co.kr/rss/rssdata/kh_entertainment.xml
경향닷컴,펀,http://www.khan.co.kr/rss/rssdata/kh_fun.xml
경향닷컴,운세,http://www.khan.co.kr/rss/rssdata/kh_unse.xml
경향닷컴,기획,http://www.khan.co.kr/rss/rssdata/kh_special.xml
한국아이닷컴,전체기사,http://rss.hankooki.com/news/hk_main.xml
한국아이닷컴,정치,http://rss.hankooki.com/news/hk_politics.xml
한국아이닷컴,경제,http://rss.hankooki.com/news/hk_economy.xml
한국아이닷컴,사회,http://rss.hankooki.com/news/hk_society.xml
한국아이닷컴,문화,http://rss.hankooki.com/news/hk_culture.xml
한국아이닷컴,라이프,http://rss.hankooki.com/news/hk_life.xml
한국아이닷컴,국제,http://rss.hankooki.com/news/hk_world.xml
한국아이닷컴,IT,http://rss.hankooki.com/news/hk_it_tech.xml
한국아이닷컴,피플,http://rss.hankooki.com/news/hk_people.xml
한국아이닷컴,스포츠,http://rss.hankooki.com/news/hk_sports.xml
한국아이닷컴,연예,http://rss.hankooki.com/news/hk_entv.xml
한국아이닷컴,사설/칼럼,http://rss.hankooki.com/news/hk_opinion.xml
한국아이닷컴,포토,http://rss.hankooki.com/news/hk_photoi.xml
한국아이닷컴,TV,http://rss.hankooki.com/news/hk_tv.xml
한국아이닷컴,전체,http://rss.hankooki.com/sports/sp_main.xml
한국아이닷컴,스포츠,http://rss.hankooki.com/sports/sp_sports.xml
한국아이닷컴,연예,http://rss.hankooki.com/sports/sp_entv.xml
한국아이닷컴,라이프,http://rss.hankooki.com/sports/sp_life.xml
한국아이닷컴,n조이,http://rss.hankooki.com/sports/sp_enjoy.xml
한국아이닷컴,전체,http://rss.hankooki.com/economy/sk_main.xml
한국아이닷컴,경제,http://rss.hankooki.com/economy/sk_economy.xml
한국아이닷컴,증권,http://rss.hankooki.com/economy/sk_stock.xml
한국아이닷컴,부동산,http://rss.hankooki.com/economy/sk_estate.xml
한국아이닷컴,산업,http://rss.hankooki.com/economy/sk_industry.xml
한국아이닷컴,국제,http://rss.hankooki.com/economy/sk_world.xml
한국아이닷컴,정치,http://rss.hankooki.com/economy/sk_politics.xml
한국아이닷컴,사회,http://rss.hankooki.com/economy/sk_society.xml
한국아이닷컴,문화/스포츠-,http://rss.hankooki.com/economy/sk_culture.xml
한국아이닷컴,오피니언,http://rss.hankooki.com/economy/sk_opinion.xml
한국아이닷컴,전체,http://rss.hankooki.com/kids/kd_main.xml
한국아이닷컴,어린이뉴스,http://rss.hankooki.com/kids/kd_news.xml
한국아이닷컴,배움터,http://rss.hankooki.com/kids/kd_learn.xml
한국아이닷컴,놀이터,http://rss.hankooki.com/kids/kd_play.xml
한국아이닷컴,우리들세상,http://rss.hankooki.com/kids/kd_childworld.xml
한국아이닷컴,골프한국,http://rss.hankooki.com/magazine/gh_main.xml
한국아이닷컴,골프매거진,http://rss.hankooki.com/magazine/gm_main.xml
한국아이닷컴,파퓰러사이언스,http://rss.hankooki.com/magazine/pop_main.xml
한국아이닷컴,주간한국,http://rss.hankooki.com/magazine/wk_main.xml
한국경제,경제/금융뉴스,http://rss.hankyung.com/economy.xml
한국경제,증권뉴스,http://rss.hankyung.com/stock.xml
한국경제,부동산뉴스,http://rss.hankyung.com/estate.xml
한국경제,산업뉴스,http://rss.hankyung.com/industry.xml
한국경제,국제뉴스,http://rss.hankyung.com/intl.xml
한국경제,정치/사회뉴스,http://rss.hankyung.com/politics.xml
한국경제,스포츠/문화뉴스,http://rss.hankyung.com/sports.xml
한국경제,사설/칼럼,http://rss.hankyung.com/column.xml
한국경제,취재기자X-File,http://rss.hankyung.com/xfile.xml
한국경제,마켓리더스,http://rss.hankyung.com/leaders.xml
한국경제,재테크칼럼,http://rss.hankyung.com/ft.xml
한국경제,자동차칼럼,http://rss.hankyung.com/auto.xml
한국경제,골프칼럼,http://rss.hankyung.com/golf.xml
한국경제,커뮤니티칼럼,http://rss.hankyung.com/community.xml
한국경제,장군의아들,http://rss.hankyung.com/janggun.xml
한국경제,므흣한영어,http://rss.hankyung.com/english.xml
파이낸셜뉴스,전체기사,http://www.fnnews.com/rss/fn_realnews_all.xml
파이낸셜뉴스,증권,http://www.fnnews.com/rss/fn_realnews_stock.xml
파이낸셜뉴스,금융,http://www.fnnews.com/rss/fn_realnews_finance.xml
파이낸셜뉴스,부동산,http://www.fnnews.com/rss/fn_realnews_realestate.xml
파이낸셜뉴스,산업,http://www.fnnews.com/rss/fn_realnews_industry.xml
파이낸셜뉴스,경제,http://www.fnnews.com/rss/fn_realnews_economy.xml
파이낸셜뉴스,IT/과학,http://www.fnnews.com/rss/fn_realnews_it.xml
파이낸셜뉴스,생활경제,http://www.fnnews.com/rss/fn_realnews_circulation.xml
파이낸셜뉴스,국제,http://www.fnnews.com/rss/fn_realnews_international.xml
파이낸셜뉴스,정치,http://www.fnnews.com/rss/fn_realnews_politics.xml
파이낸셜뉴스,지역경제/사회,http://www.fnnews.com/rss/fn_realnews_society.xml
파이낸셜뉴스,문화,http://www.fnnews.com/rss/fn_realnews_culture.xml
파이낸셜뉴스,스포츠,http://www.fnnews.com/rss/fn_realnews_sports.xml
파이낸셜뉴스,교육,http://www.fnnews.com/rss/fn_realnews_edu.xml
파이낸셜뉴스,피플,http://www.fnnews.com/rss/fn_realnews_people.xml
파이낸셜뉴스,전체기사,http://www.fnnews.com/rss/fn_manyview_all.xml
파이낸셜뉴스,증권,http://www.fnnews.com/rss/fn_manyview_stock.xml
파이낸셜뉴스,금융,http://www.fnnews.com/rss/fn_manyview_finance.xml
파이낸셜뉴스,부동산,http://www.fnnews.com/rss/fn_manyview_realestate.xml
파이낸셜뉴스,산업,http://www.fnnews.com/rss/fn_manyview_industry.xml
파이낸셜뉴스,경제,http://www.fnnews.com/rss/fn_manyview_economy.xml
파이낸셜뉴스,IT/과학,http://www.fnnews.com/rss/fn_manyview_it.xml
파이낸셜뉴스,생활경제,http://www.fnnews.com/rss/fn_manyview_circulation.xml
파이낸셜뉴스,국제,http://www.fnnews.com/rss/fn_manyview_international.xml
파이낸셜뉴스,정치,http://www.fnnews.com/rss/fn_manyview_politics.xml
파이낸셜뉴스,지역경제/사회,http://www.fnnews.com/rss/fn_manyview_society.xml
파이낸셜뉴스,문화,http://www.fnnews.com/rss/fn_manyview_culture.xml
파이낸셜뉴스,스포츠,http://www.fnnews.com/rss/fn_manyview_sports.xml
파이낸셜뉴스,교육,http://www.fnnews.com/rss/fn_manyview_edu.xml
파이낸셜뉴스,피스,http://www.fnnews.com/rss/fn_manyview_people.xml
헤럴드경제,모든기사보기,http://biz.heraldm.com/rss/010000000000.xml
헤럴드경제,전체보기,http://biz.heraldm.com/rss/010100000000.xml
헤럴드경제,경제,http://biz.heraldm.com/rss/010104000000.xml
헤럴드경제,정치,http://biz.heraldm.com/rss/010108000000.xml
헤럴드경제,사회,http://biz.heraldm.com/rss/010109000000.xml
헤럴드경제,기업,http://biz.heraldm.com/rss/010107000000.xml
헤럴드경제,증권,http://biz.heraldm.com/rss/010106000000.xml
헤럴드경제,국제,http://biz.heraldm.com/rss/010110000000.xml
헤럴드경제,사설/컬럼,http://biz.heraldm.com/rss/010103000000.xml
헤럴드경제,전체보기,http://biz.heraldm.com/rss/010200000000.xml
헤럴드경제,종목포커스,http://biz.heraldm.com/rss/010202000000.xml
헤럴드경제,CEO,http://biz.heraldm.com/rss/010203000000.xml
헤럴드경제,이슈,http://biz.heraldm.com/rss/010204000000.xml
헤럴드경제,추천종목,http://biz.heraldm.com/rss/010205000000.xml
헤럴드경제,코스닥일반,http://biz.heraldm.com/rss/010206000000.xml
헤럴드경제,코스닥칼럼,http://biz.heraldm.com/rss/010207000000.xml
헤럴드경제,비상장시세,http://biz.heraldm.com/rss/010208000000.xml
헤럴드경제,KRX기업정보,http://biz.heraldm.com/rss/010209000000.xml
헤럴드경제,전체보기,http://biz.heraldm.com/rss/010300000000.xml
헤럴드경제,일반,http://biz.heraldm.com/rss/010301000000.xml
헤럴드경제,정책,http://biz.heraldm.com/rss/010303000000.xml
헤럴드경제,제테크,http://biz.heraldm.com/rss/010305000000.xml
헤럴드경제,시세/분양정보,http://biz.heraldm.com/rss/010306000000.xml
헤럴드경제,현장노트,http://biz.heraldm.com/rss/010308000000.xml
헤럴드경제,부동산TV,http://biz.heraldm.com/rss/010309000000.xml
헤럴드경제,전체보기,http://biz.heraldm.com/rss/010400000000.xml
헤럴드경제,대중문화,http://biz.heraldm.com/rss/010403000000.xml
헤럴드경제,스타,http://biz.heraldm.com/rss/010404000000.xml
헤럴드경제,칼럼,http://biz.heraldm.com/rss/010409000000.xml
헤럴드경제,스포츠,http://biz.heraldm.com/rss/010410000000.xml
헤럴드경제,스타포토,http://biz.heraldm.com/rss/010405000000.xml
헤럴드경제,스타동영상,http://biz.heraldm.com/rss/010406000000.xml
헤럴드경제,전체보기,http://biz.heraldm.com/rss/010500000000.xml
헤럴드경제,자동차,http://biz.heraldm.com/rss/010501000000.xml
헤럴드경제,IT/전자/통신,http://biz.heraldm.com/rss/010502000000.xml
헤럴드경제,헬스,http://biz.heraldm.com/rss/010505000000.xml
헤럴드경제,스타일,http://biz.heraldm.com/rss/010506000000.xml
헤럴드경제,컬쳐,http://biz.heraldm.com/rss/010504000000.xml
헤럴드경제,여행/레져,http://biz.heraldm.com/rss/010503000000.xml
헤럴드경제,전체보기,http://biz.heraldm.com/rss/010600000000.xml
헤럴드경제,사람사는 이야기,http://biz.heraldm.com/rss/010601000000.xml
헤럴드경제,헤럴드 스쿨,http://biz.heraldm.com/rss/010602000000.xml
헤럴드경제,섹시IN,http://biz.heraldm.com/rss/010604000000.xml
시티뉴스,전체기사,http://www.clubcity.kr/rss/allArticle.xml
시티뉴스,인기기사,http://www.clubcity.kr/rss/clickTop.xml
시티뉴스,스포츠,http://www.clubcity.kr/rss/S1N6.xml
시티뉴스,라이프,http://www.clubcity.kr/rss/S1N7.xml
시티뉴스,블로그뉴스,http://www.clubcity.kr/rss/S1N8.xml
시티뉴스,블러그이슈,http://www.clubcity.kr/rss/S1N10.xml
시티뉴스,엔터테인먼트,http://www.clubcity.kr/rss/S1N11.xml
시티뉴스,이전사이트섹션,http://www.clubcity.kr/rss/S1N12.xml
시티뉴스,연합뉴스,http://www.clubcity.kr/rss/S1N13.xml
시티뉴스,포토뉴스,http://www.clubcity.kr/rss/S1N14.xml
시티뉴스,칼럼,http://www.clubcity.kr/rss/S1N15.xml
시티뉴스,프라자,http://www.clubcity.kr/rss/S1N16.xml
시티뉴스,카툰,http://www.clubcity.kr/rss/S1N17.xml
시티뉴스,좋은농산물 탐구생활,http://www.clubcity.kr/rss/S1N19.xml
시티뉴스,디지털/게임,http://www.clubcity.kr/rss/S1N23.xml
시티뉴스,머니/창업,http://www.clubcity.kr/rss/S1N24.xml
시티뉴스,건강,http://www.clubcity.kr/rss/S1N25.xml
시티뉴스,씨네뉴스,http://www.clubcity.kr/rss/S1N26.xml
시티뉴스,뉴스,http://www.clubcity.kr/rss/S1N27.xml
시티뉴스,모바일 이벤트,http://www.clubcity.kr/rss/S1N28.xml
시티뉴스,시티챠트,http://www.clubcity.kr/rss/S1N29.xml
시티뉴스,시티특종,http://www.clubcity.kr/rss/S1N30.xml
데이터넷,전체기사,http://www.datanet.co.kr/rss/allArticle.xml
데이터넷,인기기사,http://www.datanet.co.kr/rss/clickTop.xml
데이터넷,뉴스,http://www.datanet.co.kr/rss/S1N1.xml
데이터넷,인물&기업,http://www.datanet.co.kr/rss/S1N2.xml
데이터넷,기획특집,http://www.datanet.co.kr/rss/S1N3.xml
데이터넷,테크가이드,http://www.datanet.co.kr/rss/S1N4.xml
데이터넷,제품가이드,http://www.datanet.co.kr/rss/S1N5.xml
데이터넷,NETWORK TIMES,http://www.datanet.co.kr/rss/S1N6.xml
K모바일,전체뉴스,http://www.kmobile.co.kr/rss/all
K모바일,IT산업,http://www.kmobile.co.kr/rss/it
K모바일,인터넷,http://www.kmobile.co.kr/rss/internet
K모바일,소프트웨어,http://www.kmobile.co.kr/rss/software
에이빙뉴스,모바일/통신,http://www.aving.net/rss/mobile.xml
에이빙뉴스,컴퓨팅,http://www.aving.net/rss/computing.xml
에이빙뉴스,가전,http://www.aving.net/rss/homeappliance.xml
에이빙뉴스,라이프,http://www.aving.net/rss/life.xml
에이빙뉴스,하우징,http://www.aving.net/rss/housing.xml
에이빙뉴스,자동차,http://www.aving.net/rss/motor.xml
에이빙뉴스,이색상품,http://www.aving.net/rss/misc.xml
에이빙뉴스,업계동향,http://www.aving.net/rss/industry.xml
에이빙뉴스,영상음향,http://www.aving.net/rss/avpa.xml
에이빙뉴스,게임,http://www.aving.net/rss/game.xml
오늘의 뉴스,전체기사,http://www.today-news.co.kr/rss/allArticle.xml
오늘의 뉴스,인기기사,http://www.today-news.co.kr/rss/clickTop.xml
오늘의 뉴스,오늘의뉴스,http://www.today-news.co.kr/rss/S1N1.xml
오늘의 뉴스,건강뉴스,http://www.today-news.co.kr/rss/S1N2.xml
오늘의 뉴스,오픈블로그,http://www.today-news.co.kr/rss/S1N3.xml
오늘의 뉴스,보도자료,http://www.today-news.co.kr/rss/S1N4.xml
오늘의 뉴스,연예가뉴스,http://www.today-news.co.kr/rss/S1N5.xml
오늘의 뉴스,오늘의만화,http://www.today-news.co.kr/rss/S1N6.xml
탑라이더,전체기사,http://www.top-rider.com/rss/allArticle.xml
탑라이더,인기기사,http://www.top-rider.com/rss/clickTop.xml
탑라이더,뉴스,http://www.top-rider.com/rss/S1N1.xml
탑라이더,펀오토,http://www.top-rider.com/rss/S1N4.xml
탑라이더,포토/영상,http://www.top-rider.com/rss/S1N5.xml
탑라이더,오토칼럼,http://www.top-rider.com/rss/S1N7.xml
탑라이더,시승기,http://www.top-rider.com/rss/S1N8.xml
탑라이더,사용기,http://www.top-rider.com/rss/S1N9.xml
뉴스포스트,전체기사,http://www.newspost.kr/rss/allArticle.xml
뉴스포스트,인기기사,http://www.newspost.kr/rss/clickTop.xml
뉴스포스트,정치,http://www.newspost.kr/rss/S1N1.xml
뉴스포스트,경제,http://www.newspost.kr/rss/S1N2.xml
뉴스포스트,사회,http://www.newspost.kr/rss/S1N3.xml
뉴스포스트,문화,http://www.newspost.kr/rss/S1N4.xml
뉴스포스트,기획,http://www.newspost.kr/rss/S1N5.xml
뉴스포스트,스타클릭,http://www.newspost.kr/rss/S1N6.xml
뉴스데일리,전체기사,http://www.newsdaily.kr/rss/allArticle.xml
뉴스데일리,인기기사,http://www.newsdaily.kr/rss/clickTop.xml
뉴스데일리,종합뉴스,http://www.newsdaily.kr/rss/S1N1.xml
뉴스데일리,기획&특집,http://www.newsdaily.kr/rss/S1N2.xml
뉴스데일리,지역,http://www.newsdaily.kr/rss/S1N4.xml
뉴스데일리,뉴스플러스,http://www.newsdaily.kr/rss/S1N30.xml
뉴스데일리,시사기획,http://www.newsdaily.kr/rss/S1N32.xml
뉴스데일리,사회,http://www.newsdaily.kr/rss/S1N38.xml
뉴스데일리,문화,http://www.newsdaily.kr/rss/S1N39.xml
뉴스데일리,국제,http://www.newsdaily.kr/rss/S1N40.xml
뉴스데일리,연예·스포츠,http://www.newsdaily.kr/rss/S1N46.xml
뉴스데일리,봉사·나눔,http://www.newsdaily.kr/rss/S1N47.xml
뉴스데일리,경제,http://www.newsdaily.kr/rss/S1N49.xml
뉴스데일리,부동산,http://www.newsdaily.kr/rss/S1N50.xml
뉴스데일리,정치,http://www.newsdaily.kr/rss/S1N51.xml
뉴스위드,전체기사,http://www.newswith.co.kr/rss/allArticle.xml
뉴스위드,인기기사,http://www.newswith.co.kr/rss/clickTop.xml
뉴스위드,정치/행정,http://www.newswith.co.kr/rss/S1N1.xml
뉴스위드,경제,http://www.newswith.co.kr/rss/S1N2.xml
뉴스위드,사회,http://www.newswith.co.kr/rss/S1N3.xml
뉴스위드,교육,http://www.newswith.co.kr/rss/S1N4.xml
뉴스위드,문화생활,http://www.newswith.co.kr/rss/S1N5.xml
뉴스위드,스포츠/연예,http://www.newswith.co.kr/rss/S1N6.xml
뉴스위드,With 충청,http://www.newswith.co.kr/rss/S1N7.xml
뉴스위드,Hot issue,http://www.newswith.co.kr/rss/S1N8.xml
뉴스위드,생생칼럼,http://www.newswith.co.kr/rss/S1N9.xml
뉴스위드,With people,http://www.newswith.co.kr/rss/S1N10.xml
뉴스위드,포토영상,http://www.newswith.co.kr/rss/S1N11.xml
컨슈머타임스,전체기사,http://www.cstimes.com/rss/allArticle.xml
컨슈머타임스,인기기사,http://www.cstimes.com/rss/clickTop.xml
컨슈머타임스,뉴스,http://www.cstimes.com/rss/S1N1.xml
컨슈머타임스,파이낸셜컨슈머,http://www.cstimes.com/rss/S1N3.xml
컨슈머타임스,컨슈머기자리뷰,http://www.cstimes.com/rss/S1N4.xml
컨슈머타임스,오피니언,http://www.cstimes.com/rss/S1N5.xml
컨슈머타임스,비타민CS뉴스,http://www.cstimes.com/rss/S1N7.xml
컨슈머타임스,컨슈머플러스,http://www.cstimes.com/rss/S1N8.xml
컨슈머타임스,소비자고발영상,http://www.cstimes.com/rss/S1N9.xml
컨슈머타임스,동정,http://www.cstimes.com/rss/S1N10.xml
컨슈머타임스,스포츠,http://www.cstimes.com/rss/S1N11.xml
컨슈머타임스,연예,http://www.cstimes.com/rss/S1N12.xml
컨슈머타임스,photo fashion,http://www.cstimes.com/rss/S1N13.xml
컨슈머타임스,photo star,http://www.cstimes.com/rss/S1N14.xml
컨슈머타임스,컨슈머타임스 선정 히트상품,http://www.cstimes.com/rss/S1N15.xml
컨슈머타임스,소비자 태도지수,http://www.cstimes.com/rss/S1N16.xml
컨슈머타임스,나눔로또 금주 당첨번호,http://www.cstimes.com/rss/S1N17.xml
컨슈머타임스,소비자고발24시,http://www.cstimes.com/rss/S1N18.xml
컨슈머타임스,소비자피해Q&A,http://www.cstimes.com/rss/S1N19.xml
컨슈머타임스,황당뉴스,http://www.cstimes.com/rss/S1N20.xml
컨슈머타임스,연합뉴스,http://www.cstimes.com/rss/S1N21.xml
에버뉴스,전체기사,http://www.evernews.co.kr/rss/allArticle.xml
에버뉴스,인기기사,http://www.evernews.co.kr/rss/clickTop.xml
에버뉴스,에버뉴스,http://www.evernews.co.kr/rss/S1N2.xml
에버뉴스,포토,http://www.evernews.co.kr/rss/S1N4.xml
에버뉴스,에버 TV,http://www.evernews.co.kr/rss/S1N5.xml
에버뉴스,연예소식,http://www.evernews.co.kr/rss/S1N6.xml
에버뉴스,법원 · 검찰,http://www.evernews.co.kr/rss/S1N8.xml
에버뉴스,지역소식,http://www.evernews.co.kr/rss/S1N9.xml
에버뉴스,생활정보,http://www.evernews.co.kr/rss/S1N10.xml
에버뉴스,인터뷰·오피니언,http://www.evernews.co.kr/rss/S1N11.xml
에버뉴스,행사 · 축제,http://www.evernews.co.kr/rss/S1N12.xml
주간포커스,전체기사,http://www.focuscolorado.net/rss/allArticle.xml
주간포커스,인기기사,http://www.focuscolorado.net/rss/clickTop.xml
주간포커스,콜로라도,http://www.focuscolorado.net/rss/S1N1.xml
주간포커스,미국뉴스,http://www.focuscolorado.net/rss/S1N2.xml
주간포커스,한국뉴스,http://www.focuscolorado.net/rss/S1N3.xml
주간포커스,월드뉴스,http://www.focuscolorado.net/rss/S1N4.xml
주간포커스,여행,http://www.focuscolorado.net/rss/S1N5.xml
주간포커스,생활ㆍ상식,http://www.focuscolorado.net/rss/S1N6.xml
주간포커스,연예ㆍ스포츠,http://www.focuscolorado.net/rss/S1N7.xml
주간포커스,유머,http://www.focuscolorado.net/rss/S1N8.xml
다음뉴스,종합,http://media.daum.net/rss/today/primary/all/rss2.xml
다음뉴스,연예,http://media.daum.net/rss/today/primary/entertain/rss2.xml
다음뉴스,스포츠,http://media.daum.net/rss/today/primary/sports/rss2.xml
다음뉴스,사회,http://media.daum.net/rss/part/primary/society/rss2.xml
다음뉴스,정치,http://media.daum.net/rss/part/primary/politics/rss2.xml
다음뉴스,경제,http://media.daum.net/rss/part/primary/economic/rss2.xml
다음뉴스,국제,http://media.daum.net/rss/part/primary/foreign/rss2.xml
다음뉴스,문화·생활,http://media.daum.net/rss/part/primary/culture/rss2.xml
다음뉴스,연예,http://media.daum.net/rss/part/primary/entertain/rss2.xml
다음뉴스,IT·과학,http://media.daum.net/rss/part/primary/digital/rss2.xml
구글뉴스,주요뉴스,http://news.google.co.kr/news?pz=1&cf=all&ned=kr&hl=ko&output=rss
구글뉴스,인기뉴스,http://news.google.co.kr/news?pz=1&cf=all&ned=kr&hl=ko&topic=po&output=rss
구글뉴스,정치,http://news.google.co.kr/news?pz=1&cf=all&ned=kr&hl=ko&topic=p&output=rss
구글뉴스,경제,http://news.google.co.kr/news?pz=1&cf=all&ned=kr&hl=ko&topic=b&output=rss
구글뉴스,사회,http://news.google.co.kr/news?pz=1&cf=all&ned=kr&hl=ko&topic=y&output=rss
구글뉴스,문화/생활,http://news.google.co.kr/news?pz=1&cf=all&ned=kr&hl=ko&topic=l&output=rss
구글뉴스,국제,http://news.google.co.kr/news?pz=1&cf=all&ned=kr&hl=ko&topic=w&output=rss
구글뉴스,정보과학,http://news.google.co.kr/news?pz=1&cf=all&ned=kr&hl=ko&topic=t&output=rss
구글뉴스,연예,http://news.google.co.kr/news?pz=1&cf=all&ned=kr&hl=ko&topic=e&output=rss
구글뉴스,스포츠,http://news.google.co.kr/news?pz=1&cf=all&ned=kr&hl=ko&topic=s&output=rss
구글뉴스,주요뉴스,http://news.google.co.kr/news?pz=1&hdlOnly=1&cf=all&ned=kr&hl=ko&output=rss
구글뉴스,인기뉴스,http://news.google.co.kr/news?pz=1&hdlOnly=1&cf=all&ned=kr&hl=ko&topic=po&output=rss
구글뉴스,정치,http://news.google.co.kr/news?pz=1&hdlOnly=1&cf=all&ned=kr&hl=ko&topic=p&output=rss
구글뉴스,경제,http://news.google.co.kr/news?pz=1&hdlOnly=1&cf=all&ned=kr&hl=ko&topic=b&output=rss
구글뉴스,사회,http://news.google.co.kr/news?pz=1&hdlOnly=1&cf=all&ned=kr&hl=ko&topic=y&output=rss
구글뉴스,문화/생활,http://news.google.co.kr/news?pz=1&hdlOnly=1&cf=all&ned=kr&hl=ko&topic=l&output=rss
구글뉴스,국제,http://news.google.co.kr/news?pz=1&hdlOnly=1&cf=all&ned=kr&hl=ko&topic=w&output=rss
구글뉴스,정보과학,http://news.google.co.kr/news?pz=1&hdlOnly=1&cf=all&ned=kr&hl=ko&topic=t&output=rss
구글뉴스,연예,http://news.google.co.kr/news?pz=1&hdlOnly=1&cf=all&ned=kr&hl=ko&topic=e&output=rss
구글뉴스,스포츠,http://news.google.co.kr/news?pz=1&hdlOnly=1&cf=all&ned=kr&hl=ko&topic=s&output=rss
중부매일,전체기사,http://www.jbnews.com/rss/allArticle.xml
중부매일,인기기사,http://www.jbnews.com/rss/clickTop.xml
중부매일,정치,http://www.jbnews.com/rss/S1N1.xml
중부매일,경제,http://www.jbnews.com/rss/S1N2.xml
중부매일,사회,http://www.jbnews.com/rss/S1N3.xml
중부매일,문화,http://www.jbnews.com/rss/S1N4.xml
중부매일,충북,http://www.jbnews.com/rss/S1N5.xml
중부매일,대전충남,http://www.jbnews.com/rss/S1N6.xml
중부매일,오피니언,http://www.jbnews.com/rss/S1N7.xml
중부매일,사람들,http://www.jbnews.com/rss/S1N8.xml
중부매일,포토,http://www.jbnews.com/rss/S1N9.xml
중부매일,스포츠/연예,http://www.jbnews.com/rss/S1N10.xml
중부매일,라이프,http://www.jbnews.com/rss/S1N11.xml
중부매일,기획특집,http://www.jbnews.com/rss/S1N12.xml
중부매일,시민기자,http://www.jbnews.com/rss/S1N13.xml
중부매일,미분류 섹션,http://www.jbnews.com/rss/S1N14.xml
중부매일,임시,http://www.jbnews.com/rss/S1N15.xml
중부매일,국제,http://www.jbnews.com/rss/S1N16.xml
중부매일,전국,http://www.jbnews.com/rss/S1N18.xml
중부매일,블로그뉴스,http://www.jbnews.com/rss/S1N19.xml
르몽드 디플로마티크,전체기사,http://www.ilemonde.com/rss/allArticle.xml
르몽드 디플로마티크,인기기사,http://www.ilemonde.com/rss/clickTop.xml
르몽드 디플로마티크,알림기사,http://www.ilemonde.com/rss/S1N28.xml
르몽드 디플로마티크,월별목차,http://www.ilemonde.com/rss/S1N29.xml
르몽드 디플로마티크,사회,http://www.ilemonde.com/rss/S1N30.xml
르몽드 디플로마티크,지구촌/한반도,http://www.ilemonde.com/rss/S1N31.xml
르몽드 디플로마티크,정치,http://www.ilemonde.com/rss/S1N32.xml
르몽드 디플로마티크,문화,http://www.ilemonde.com/rss/S1N34.xml
르몽드 디플로마티크,인터뷰/칼럼,http://www.ilemonde.com/rss/S1N35.xml
르몽드 디플로마티크,출판/서평/여행,http://www.ilemonde.com/rss/S1N36.xml
르몽드 디플로마티크,임시메인(테스트),http://www.ilemonde.com/rss/S1N37.xml
르몽드 디플로마티크,철학까페,http://www.ilemonde.com/rss/S1N38.xml
르몽드 디플로마티크,기획/특집,http://www.ilemonde.com/rss/S1N39.xml
르몽드 디플로마티크,임시메인,http://www.ilemonde.com/rss/S1N40.xml
엑스포저널,전체기사,http://www.expojr.com/rss/allArticle.xml
엑스포저널,인기기사,http://www.expojr.com/rss/clickTop.xml
엑스포저널,산업전시회,http://www.expojr.com/rss/S1N1.xml
엑스포저널,EXPO기업/제품,http://www.expojr.com/rss/S1N2.xml
엑스포저널,MICE/세미나,http://www.expojr.com/rss/S1N3.xml
엑스포저널,산업뉴스,http://www.expojr.com/rss/S1N5.xml
엑스포저널,창업/마케팅,http://www.expojr.com/rss/S1N6.xml
엑스포저널,축제/문화/연예,http://www.expojr.com/rss/S1N7.xml
